"year","name","type"
1949,"Milton Berle","performer"
1950,"Jimmy Durante","performer"
1951,"Bert Lahr","performer"
1951,"Howdy Doody and Buffalo Bob","performer"
1951,"Happy Felton","performer"
1952,"Jackie Gleason","performer"
1952,"Garry Moore","performer"
1952,"Jack Sterling","performer"
1952,"Sam Levenson","performer"
1952,"Bob Trout","performer"
1952,"Eddie Albert","performer"
1952,"Fletcher Markle","performer"
1952,"Mercedes McCambridge","performer"
1953,"Sid Caesar","performer"
1953,"Imogene Coca","performer"
1953,"Wally Cox","performer"
1953,"Celeste Holm","performer"
1953,"Martha Raye","performer"
1953,"Steve Allen","performer"
1953,"Faye Emerson","performer"
1953,"Eddie Fisher","performer"
1953,"Bill Boyd","performer"
1953,"Roy Rogers","performer"
1953,"Howdy Doody and Clarabell","performer"
1954,"Abbott and Costello","performer"
1954,"Sid Caesar","performer"
1954,"Jackie Cooper","performer"
1954,"Carol Haney","performer"
1954,"Judy Holiday","performer"
1954,"Virginia Mayo","performer"
1954,"The Cast of Howdy Doody","performer"
1954,"Lassie","performer"
1954,"J. Fred Muggs","performer"
1955,"Danny Kaye","performer"
1955,"Dena Kaye","performer"
1955,"Pinky Lee","performer"
1955,"Howdy Doody,","performer"
1956,"Roy Rogers","performer"
1956,"Dale Evans","performer"
1956,"Paul Winchell","performer"
1956,"Buster Crabbe","performer"
1956,"Spike Jones","performer"
1956,"Edie Adams","performer"
1956,"Peter Palmer","performer"
1956,"Charlotte Rae","performer"
1956,"Joe E. Marks","performer"
1956,"Stubby Kaye","performer"
1956,"Billy Gilbert","performer"
1956,"Basil Rathbone","performer"
1956,"Martyn Green","performer"
1956,"Dennis Kohler","performer"
1956,"Dan Tempest","performer"
1957,"Hugh O'Brian","performer"
1957,"Eddie Foy Jr.","performer"
1957,"Sandra Baird","performer"
1957,"Farley Granger","performer"
1957,"Margaret O'Brien","performer"
1957,"Gene London","performer"
1958,"Dale Robertson","performer"
1958,"Robert Horton","performer"
1958,"George Montgomery","performer"
1958,"Dick Clark","performer"
1958,"Ginger Rogers","performer"
1958,"Russ Tamblyn","performer"
1958,"Benny Goodman","performer"
1958,"Dolores Hart","performer"
1958,"Richard Eyer","performer"
1958,"Ed Herlihy","performer"
1958,"Charlie Ruggles","performer"
1959,"Shirley Temple","performer"
1959,"Chuck Connors","performer"
1959,"Dolores Gray","performer"
1959,"Pat Carroll","performer"
1959,"Connie Francis","performer"
1959,"Jules Munshin","performer"
1959,"Bobby Clark","performer"
1959,"Ed Wynn","performer"
1960,"Shirley Jones","performer"
1960,"David Kory","performer"
1960,"Joe E. Brown","performer"
1960,"Lori Martin","performer"
1961,"Dan Blocker","performer"
1961,"Michael Landon","performer"
1961,"Lorne Greene","performer"
1961,"Martha Wright","performer"
1961,"Connie Francis","performer"
1961,"George Gobel","performer"
1961,"Sam Levene","performer"
1961,"Troy Donahue","performer"
1961,"Robert Morse","performer"
1961,"Annette Funicello","performer"
1961,"Lori Martin","performer"
1961,"Joe E. Ross","performer"
1961,"Fred Gwynne","performer"
1961,"Casey Stengel","performer"
1961,"Lionel Hampton","performer"
1962,"Jay North","performer"
1962,"Tony Bennett","performer"
1962,"Darla Banks","performer"
1962,"Carol Lawrence","performer"
1962,"Jimmy Durante","performer"
1962,"Joe E. Ross","performer"
1962,"Fred Gwynne","performer"
1962,"Sam Levenson","performer"
1962,"Dean Jones","performer"
1962,"Willie Mays","performer"
1962,"Ralph Terry","performer"
1962,"Jack Dempsey","performer"
1962,"Otto Graham","performer"
1962,"Arnold Palmer","performer"
1962,"Gene Krupa","performer"
1962,"Frank Fontaine","performer"
1963,"James Drury","performer"
1963,"Michael Landon","performer"
1963,"Jack Palance","performer"
1963,"Ray Bolger","performer"
1963,"Mitch Miller","performer"
1963,"Robert Cottle","performer"
1963,"Troy Donahue","performer"
1963,"Gene Krupa","performer"
1963,"Leslie Uggams","performer"
1963,"Allan Sherman","performer"
1963,"Janis Paige","performer"
1963,"Craig Stevens","performer"
1963,"Valerie Lee","performer"
1963,"Fred Gwynne","performer"
1964,"Victor Borge","performer"
1964,"Fess Parker","performer"
1964,"Mack & Myer","performer"
1964,"Dave Garroway","performer"
1964,"Bil Baird","performer"
1964,"Cora Baird","performer"
1964,"The Munsters","performer"
1964,"Soupy Sales","performer"
1964,"Steve Lawrence","performer"
1964,"Della Reese","performer"
1965,"Jane Morgan","performer"
1965,"Bil Baird","performer"
1965,"John Raitt","performer"
1965,"Arnold Stang","performer"
1965,"Paul Anka","performer"
1965,"Alan King","performer"
1965,"Tessie O'Shea","performer"
1965,"Soupy Sales","performer"
1966,"Wayne Newton","performer"
1966,"Françoise Hardy","performer"
1966,"Jack Brabham","performer"
1966,"Frankie Michaels","performer"
1966,"Nina Simone","performer"
1966,"Soupy Sales","performer"
1966,"Teresa Brewer","performer"
1966,"Bruce Yarnell","performer"
1966,"Tessie O'Shea","performer"
1966,"Dusty Springfield","performer"
1966,"Ronald McDonald","performer"
1967,"Aretha Franklin","performer"
1967,"Bruce Yarnell","performer"
1967,"Bobby Vee","performer"
1967,"Bill Hayes","performer"
1967,"Ed Ames","performer"
1967,"Vikki Carr","performer"
1967,"The Happenings","performer"
1967,"Dionne Warwick","performer"
1967,"Jack Greene","performer"
1967,"Buck Owens and His Buckaroos","performer"
1967,"Jim Cullum's Happy Jazz Band","performer"
1967,"Rosita Fernandez","performer"
1968,"Shirley Jones","performer"
1968,"Jack Cassidy","performer"
1968,"Bayn Johnson","performer"
1968,"The Banana Splits","performer"
1968,"William Shatner","performer"
1968,"Sonny James","performer"
1968,"Jerry Vale","performer"
1968,"Johnny Whitaker","performer"
1968,"Bobby Vinton","performer"
1968,"Sally Ann Howes,","performer"
1969,"Dick Roman","performer"
1969,"The New York Mets","performer"
1969,"Teresa Graves","performer"
1969,"The Broadway Cast of Jimmy","performer"
1969,"Melanie","performer"
1969,"The Four Seasons","performer"
1969,"Marc Copage","performer"
1969,"Johnny Whitaker","performer"
1969,"Guy Lombardo","performer"
1969,"David Hartman","performer"
1969,"David Houston","performer"
1969,"Richard Leibert,","performer"
1970,"Billy Kidd","performer"
1970,"The Hart Ski Team","performer"
1970,"The Lettermen","performer"
1970,"Hank Williams Jr.","performer"
1970,"Eddie Albert","performer"
1970,"Richard Leibert","performer"
1970,"Jeannie C. Riley","performer"
1970,"Rosey Grier","performer"
1970,"Janis Harper","performer"
1970,"Brenda Lee","performer"
1970,"Don Ho","performer"
1970,"Dick Roman","performer"
1971,"The Temptations","performer"
1971,"Sonny James","performer"
1971,"Bobby Vinton","performer"
1971,"Tommy Tune","performer"
1971,"Lynn Anderson","performer"
1971,"Little Golden Books Characters","performer"
1971,"Sammi Smith","performer"
1971,"Tanja Solnik","performer"
1972,"Freda Payne","performer"
1972,"John Raitt","performer"
1972,"The Broadway Cast of Showboat. Rick Springfield","performer"
1972,"Karen Wyman","performer"
1972,"Jody Miller","performer"
1972,"Danny Bonaduce","performer"
1972,"Donna Fargo","performer"
1972,"Tommy Cash","performer"
1972,"Little Golden Books Characters","performer"
1972,"Bill Anderson","performer"
1973,"George Jones","performer"
1973,"Tammy Wynette","performer"
1973,"Evel Knievel","performer"
1973,"John Davidson","performer"
1973,"Little Golden Books Characters","performer"
1973,"Tanya Tucker","performer"
1973,"Johnny Nash","performer"
1973,"Johnny Whitaker","performer"
1973,"Kathleen Freeman","performer"
1974,"Howard Keel","performer"
1974,"Bo Donaldson and The Heywoods","performer"
1974,"University of Pennsylvania Glee Club","performer"
1974,"The Wombles","performer"
1974,"Bil Baird","performer"
1974,"Kathy Coleman","performer"
1974,"Danny Davis","performer"
1974,"The Cast of Sesame Street","performer"
1974,"Doug Henning","performer"
1974,"Bonnie Langford","performer"
1975,"Shari Lewis","performer"
1975,"Melba Moore","performer"
1975,"Dolly Parton","performer"
1975,"Ben Vereen","performer"
1975,"Mason Reese","performer"
1975,"Bill Hayes","performer"
1975,"Susan Seaforth Hayes","performer"
1975,"Freddy Fender","performer"
1975,"Bil Baird","performer"
1975,"Doug Henning","performer"
1975,"The Cast of Sesame Street","performer"
1976,"Shari Lewis","performer"
1976,"The Cast of the New Howdy Doody Show","performer"
1976,"The West Point Glee Club","performer"
1976,"Laverne & Shirley","performer"
1976,"Paul Williams and the Cast of Bugsy Malone","performer"
1976,"Martha Raye","performer"
1976,"Evel Knievel and Robbie Knievel","performer"
1976,"Barry Manilow and Lady Flash","performer"
1976,"The Cast of Sesame Street","performer"
1976,"Roberta Peters and Justino Diaz","performer"
1977,"Arte Johnson and Jo Anne Worley","performer"
1977,"Andrea McArdle","performer"
1977,"Victor Borge","performer"
1977,"Orson Bean","performer"
1977,"Carol Lawrence","performer"
1977,"Neil Sedaka","performer"
1977,"Lou Rawls","performer"
1977,"Mel Tillis","performer"
1977,"Gloria Gaynor","performer"
1977,"The Trammps","performer"
1977,"Vince Montana","performer"
1977,"Mummenschanz","performer"
1977,"Wally Amos","performer"
1977,"The Cast of Sesame Street","performer"
1977,"University of Pennsylvania Glee Club","performer"
1978,"Melba Moore","performer"
1978,"Peter Ustinov","performer"
1978,"The Village People","performer"
1978,"Bruce Jenner","performer"
1978,"The Oak Ridge Boys","performer"
1978,"Wally Amos","performer"
1978,"Lynn-Holly Johnson","performer"
1978,"The Smothers Brothers","performer"
1978,"Ricardo Montalbán","performer"
1978,"Imogene Coca","performer"
1978,"Shields & Yarnell","performer"
1978,"Margo Smith","performer"
1978,"The Cast of Sesame Street","performer"
1979,"Mickey Rooney and Jan Chamberlin","performer"
1979,"Herb Alpert","performer"
1979,"Wally Amos","performer"
1979,"The Broadway Cast of Ain't Misbehavin'","performer"
1979,"Sandy Duncan","performer"
1979,"Erik Estrada","performer"
1979,"Gil Gerard","performer"
1979,"Lionel Hampton and the All-Stars","performer"
1979,"Andy Kaufman","performer"
1979,"Dianne Kay","performer"
1979,"Robert Keeshan","performer"
1979,"Ann Miller","performer"
1979,"Diana Ross","performer"
1979,"Robert Stack","performer"
1979,"Larry Storch","performer"
1979,"Gloria Vanderbilt","performer"
1979,"Chuck Woolery","performer"
1979,"Anderson Cooper","performer"
1979,"The Cast of Sesame Street","performer"
1979,"Sha Na Na","performer"
1979,"Franco Columbu","performer"
1980,"Melba Moore","performer"
1980,"Linda Ronstadt","performer"
1980,"Rex Smith","performer"
1980,"Captain & Tennille","performer"
1980,"Sister Sledge","performer"
1980,"The Spinners","performer"
1980,"Chita Rivera","performer"
1980,"George Rose","performer"
1980,"Stephanie Mills","performer"
1980,"The Steinettes","performer"
1980,"Priscilla Lopez","performer"
1980,"Dean Butler","performer"
1980,"France Joli","performer"
1980,"Maynard Ferguson","performer"
1980,"Lacy J. Dalton","performer"
1980,"Paul Keenan","performer"
1980,"Danielle Brisebois","performer"
1980,"Wally Amos","performer"
1980,"Joe Nolan","performer"
1980,"The Cast of Sesame Street","performer"
1981,"Moe Bandy","performer"
1981,"Nell Carter","performer"
1981,"Phyllis Diller","performer"
1981,"Erik Estrada","performer"
1981,"Kim Fields","performer"
1981,"Charles Haid","performer"
1981,"Bill Hayes Susan Seaforth Hayes","performer"
1981,"Gregory Hines","performer"
1981,"Wendy Holcombe","performer"
1981,"Geoffrey Holder","performer"
1981,"Phyllis Hyman","performer"
1981,"Barrie Ingham","performer"
1981,"Larry Kert","performer"
1981,"Kaleena Kiff","performer"
1981,"Kool & The Gang","performer"
1981,"Andrea McArdle","performer"
1981,"Nancy McKeon","performer"
1981,"Ann Miller","performer"
1981,"Jim Nabors","performer"
1981,"Donny Osmond","performer"
1981,"Michael Warren","performer"
1981,"Dave Winfield","performer"
1981,"The Cast of Pinwheel","performer"
1981,"The Muppets","performer"
1981,"Don McLean","performer"
1981,"The Cast of Sesame Street","performer"
1982,"Milton Berle","performer"
1982,"Ricky Schroder","performer"
1982,"Laura Branigan","performer"
1982,"Andy Gibb","performer"
1982,"The Oak Ridge Boys","performer"
1982,"Paul Williams","performer"
1982,"Keith Carradine","performer"
1982,"Deniece Williams","performer"
1982,"Shelley Bruce","performer"
1982,"Sammy Davis Jr.","performer"
1982,"Peter Nero","performer"
1982,"Wayland Flowers","performer"
1982,"Jim Henson","performer"
1982,"Tina Yothers","performer"
1982,"Show of Hands USA","performer"
1982,"The National Dance Institute","performer"
1982,"Lorne Greene","performer"
1982,"Benji","performer"
1982,"Captain Haggerty","performer"
1982,"Herb Vigran","performer"
1982,"The Cast of Sesame Street","performer"
1983,"Charlie Pride","performer"
1983,"The Cast of We Got It Made","performer"
1983,"The Special Olympics","performer"
1983,"Peter Billingsley","performer"
1983,"Lynn Anderson","performer"
1983,"The Ballet Folklorico","performer"
1983,"Ashford & Simpson","performer"
1983,"Alfonso Ribeiro","performer"
1983,"Mr. Smith","performer"
1983,"Leonard Frey","performer"
1983,"Walter Lantz","performer"
1983,"Gracie Lantz","performer"
1983,"Glenn Scarpelli","performer"
1983,"Eddie Albert","performer"
1983,"Vanessa Williams","performer"
1983,"Lou Rawls","performer"
1983,"The Boys Choir of Harlem","performer"
1983,"Tommy Tune","performer"
1983,"Twiggy","performer"
1983,"Mary Jo Catlett","performer"
1984,"Dionne Warwick","performer"
1984,"Robert Vaughn","performer"
1984,"The United States Coast Guard Academy Glee Club","performer"
1984,"Georgia Engel","performer"
1984,"Joey Lawrence","performer"
1984,"John Schneider","performer"
1984,"John Ratzenberger","performer"
1984,"Irene Cara","performer"
1984,"Marie Osmond","performer"
1984,"Danny Cooksey","performer"
1984,"Florence Henderson","performer"
1984,"Ronald McDonald","performer"
1984,"Judy Landers","performer"
1984,"Audrey Landers","performer"
1984,"Jane Badler","performer"
1984,"Marc Singer","performer"
1984,"Dom DeLuise","performer"
1984,"The Stars of Riptide","performer"
1984,"James Sikking","performer"
1984,"Daniel J. Travanti","performer"
1984,"Bruce Weitz","performer"
1984,"Rich Little","performer"
1984,"Placido Domingo","performer"
1984,"The Wyatt Brothers","performer"
1984,"Tim Conway","performer"
1984,"Kaye Ballard","performer"
1985,"Janie Fricke","performer"
1985,"Woody Herman & the Young Thundering Herd","performer"
1985,"Susan Akin","performer"
1985,"The Cast of Big River","performer"
1985,"Betty Thomas","performer"
1985,"New Edition","performer"
1985,"Philip Michael Thomas","performer"
1985,"Teddy Pendergrass","performer"
1985,"James Coco","performer"
1985,"Lee Greenwood","performer"
1985,"Allison Smith","performer"
1985,"Tony Bennett","performer"
1985,"Steven Furst","performer"
1985,"Rue McClanahan","performer"
1985,"William Daniels","performer"
1985,"Show of Hands USA","performer"
1985,"Phylicia Ayers-Allen","performer"
1985,"The Cosby Show Kids","performer"
1985,"Rosemary Clooney,","performer"
1986,"Crystal Gayle","performer"
1986,"Victor French","performer"
1986,"Robert Merrill","performer"
1986,"Up with People","performer"
1986,"Amy Grant","performer"
1986,"Keith Hernandez","performer"
1986,"Lee Mazzilli","performer"
1986,"Mookie Wilson","performer"
1986,"The Four Tops","performer"
1986,"The Cast of Beehive","performer"
1986,"Phyllis Diller","performer"
1986,"Hank Cheyne","performer"
1986,"Ed Fry","performer"
1986,"Laurence Lau","performer"
1986,"Victoria Jackson","performer"
1986,"Celeste Holm","performer"
1986,"John James","performer"
1986,"Sawyer Brown","performer"
1986,"Dick Van Patten","performer"
1986,"Pat Van Patten","performer"
1986,"Dottie West","performer"
1986,"Joey Lawrence","performer"
1986,"Matthew Lawrence","performer"
1986,"Roger Miller","performer"
1986,"Rex Smith","performer"
1986,"Shirley Jones","performer"
1987,"Ronald McDonald","performer"
1987,"Kale Browne","performer"
1987,"Rita Coolidge","performer"
1987,"Joel Grey","performer"
1987,"Alaina Reed-Hall","performer"
1987,"Bert Parks","performer"
1987,"Bob Smith","performer"
1987,"Jim Henson and Kermit the Frog","performer"
1987,"Bobby Vinton","performer"
1987,"Bruce Weitz","performer"
1987,"Saundra Santiago","performer"
1987,"John Tesh","performer"
1987,"Gloria Loring","performer"
1987,"President Ronald Reagan","performer"
1987,"Ed Fry","performer"
1987,"David Forsyth","performer"
1987,"Michael Damian","performer"
1987,"Tiffany","performer"
1987,"Ben Vereen","performer"
1987,"Christopher Hewett","performer"
1987,"Seaworld Characters","performer"
1987,"Judy Kaye","performer"
1987,"Patrick Swayze","performer"
1987,"Phylicia Rashad","performer"
1987,"Jill Schulz","performer"
1987,"Barbie and the Sensations","performer"
1988,"Tim Dunigan","performer"
1988,"Robin Leach","performer"
1988,"Judith Ledford","performer"
1988,"Roberta Flack","performer"
1988,"The Cast of Sesame Street","performer"
1988,"Tanya Tucker","performer"
1988,"Frankie Valli","performer"
1988,"The Taffetas","performer"
1988,"Christopher Daniel Barnes","performer"
1988,"The Boys Choir of Harlem","performer"
1988,"Janet Evans","performer"
1988,"Florence Griffith-Joyner","performer"
1988,"Jackie Joyner-Kersee","performer"
1988,"Carl Lewis","performer"
1988,"Peter Allen","performer"
1988,"Fred Travalena","performer"
1988,"Marilyn Horne","performer"
1988,"The Four Tops","performer"
1988,"Friz Freleng","performer"
1988,"Al Roker","performer"
1988,"Linda Church","performer"
1988,"Joe Witte","performer"
1988,"Jill Schulz","performer"
1988,"The Osmond Boys","performer"
1988,"Dr. Joyce Brothers","performer"
1988,"Desiree Coleman","performer"
1988,"Stephen Collins","performer"
1989,"Fred Travalena","performer"
1989,"Dixie Carter","performer"
1989,"Clint Black","performer"
1989,"Robert Vaughn","performer"
1989,"Chelsea Hertford","performer"
1989,"Terry Lester","performer"
1989,"Candace Cameron","performer"
1989,"Jodie Sweetin","performer"
1989,"Dawnn Lewis","performer"
1989,"Melba Moore","performer"
1989,"Buddy Hackett","performer"
1989,"Sandra Fergusen","performer"
1989,"Charles Grant","performer"
1989,"New Kids on the Block","performer"
1989,"Dave Cone","performer"
1989,"Tommy John","performer"
1989,"Jeremy Light","performer"
1989,"Odetta","performer"
1989,"Looney Tunes characters","performer"
1989,"Robin Leach","performer"
1989,"Judith Ledford","performer"
1989,"Nitty Gritty Dirt Band","performer"
1989,"Telly Savalas","performer"
1989,"Barbie","performer"
1989,"Alan Rachins","performer"
1989,"Jane Hanson","performer"
1989,"Katie Kelly","performer"
1989,"Perri Peltz","performer"
1989,"Donna Kane","performer"
1989,"Jill Schulz","performer"
1989,"Amani Murray","performer"
1989,"Chip 'n Dale","performer"
1989,"Gumby","performer"
1990,"Patti LaBelle","performer"
1990,"Robert Urich","performer"
1990,"Garth Brooks","performer"
1990,"The Guys Next Door","performer"
1990,"Cathy Rigby","performer"
1990,"Raven-Symoné","performer"
1990,"Bert and Ernie","performer"
1990,"Kyndra Joy Casper","performer"
1990,"Jann Carr","performer"
1990,"Judy Kaye","performer"
1990,"Teenage Mutant Ninja Turtles","performer"
1990,"Miss America 1990 Marjorie Vincent","performer"
1990,"Scott Bakula","performer"
1990,"Kecia Lewis Evans","performer"
1990,"Patty Loveless","performer"
1990,"Kermit the Frog and Miss Piggy","performer"
1990,"Tiny Toon Adventures cast","performer"
1990,"Katarina Witt & Brian Boitano","performer"
1990,"Barbie and the Sensations","performer"
1990,"Desiree Coleman","performer"
1990,"The Boys","performer"
1990,"Mark Jackson","performer"
1990,"Fred Travalena","performer"
1990,"Barry Manilow","performer"
1991,"Charlie Daniels","performer"
1991,"Kathleen Battle","performer"
1991,"Elayne Boosler","performer"
1991,"Rock-A-Doodle Characters","performer"
1991,"Kentucky Headhunters","performer"
1991,"Raven-Symoné","performer"
1991,"Joey Lawrence","performer"
1991,"Matthew Lawrence","performer"
1991,"Taz-Mania Characters","performer"
1991,"The Addams Family","performer"
1991,"Ben Vereen","performer"
1991,"Fred Travalena","performer"
1991,"Ian Ziering","performer"
1991,"Jennifer Holliday","performer"
1991,"Boyz II Men","performer"
1991,"Ashlee Levitch","performer"
1991,"Big Apple Chorus","performer"
1991,"Mario Lopez","performer"
1991,"Mark-Paul Gosselaar","performer"
1991,"Lark Voorhies","performer"
1991,"The Susan Marsh Dancers","performer"
1991,"Shelly Duvall","performer"
1991,"Judy Collins","performer"
1991,"Santa Claus","performer"
1991,"California Raisins","performer"
1992,"Jean McFaddin","performer"
1992,"Mac Davis","performer"
1992,"Shaun Weiss","performer"
1992,"Michael Fesinetin","performer"
1992,"Joey Lawrence","performer"
1992,"Dr. Joyce Brothers","performer"
1992,"Big Apple Circus","performer"
1992,"Rich Little","performer"
1992,"Shanice","performer"
1992,"Brian Greene","performer"
1992,"Jessye Norman","performer"
1992,"Jenna Von Oy","performer"
1992,"Cheech Marin","performer"
1992,"Characters from Beauty and the Beast","performer"
1992,"Shari Lewis","performer"
1992,"Lamb Chop","performer"
1992,"Peabo Bryson","performer"
1992,"Regina Belle","performer"
1992,"Kris Kross","performer"
1992,"Aaron Tippin","performer"
1992,"John Tesh","performer"
1992,"Connie Selleca","performer"
1992,"Russ Trolls","performer"
1992,"Santa Claus","performer"
1992,"The Pink Panther","performer"
1993,"Joe Lando","performer"
1993,"Stevie Wonder","performer"
1993,"Elayne Boosler","performer"
1993,"Dr. Joyce Brothers","performer"
1993,"Ruth Buzzi","performer"
1993,"Jo Anne Worley","performer"
1993,"Dirk Blocker","performer"
1993,"Michael Landon Jr.","performer"
1993,"Kelsey Grammer","performer"
1993,"Jonathan Brandis","performer"
1993,"Valley Stream Central High School Streamers","performer"
1993,"'69 Miracle Mets","performer"
1993,"Pedro Luis Garcia","performer"
1993,"Rebeca Rambal","performer"
1993,"Lorenzo Lamas","performer"
1993,"Kathleen Kinmont","performer"
1993,"Debbie Reynolds","performer"
1993,"Bob Dorian","performer"
1993,"Eva Marie-Saint","performer"
1993,"Joey Lawrence","performer"
1993,"Kathryn Zaremba","performer"
1993,"Harve Presnell","performer"
1993,"Cindy Lou","performer"
1993,"Dave Thomas","performer"
1993,"Shari Lewis","performer"
1993,"Lamb Chop","performer"
1993,"Ricki Lake","performer"
1993,"Santa Claus","performer"
1993,"McGruff the Crime Dog","performer"
1993,"Fred Flintstone","performer"
1993,"Ronald McDonald","performer"
1994,"Jean McFaddin","performer"
1994,"Bob Hope","performer"
1994,"Shari Lewis","performer"
1994,"Lamb Chop","performer"
1994,"Kermit the Frog and Miss Piggy","performer"
1994,"Kenny G","performer"
1994,"Dudley the Dragon","performer"
1994,"The Swan Princess Characters","performer"
1994,"Kris Bartling","performer"
1994,"Skeleton Warriors","performer"
1994,"The Cast of Sesame Street","performer"
1994,"Dorothy Lamour","performer"
1994,"Nick Clooney","performer"
1994,"Bob Dorian","performer"
1994,"Long Island Banjo Society","performer"
1994,"Joey Lawrence","performer"
1994,"Judy Collins","performer"
1994,"Liz Torres","performer"
1994,"Fred the Baker","performer"
1994,"Natalie Cole","performer"
1994,"Connie Stevens","performer"
1994,"Joely Fisher","performer"
1994,"Tricia Leigh Fishe","performer"
1994,"Dave Thomas","performer"
1994,"Santa Claus","performer"
1994,"Aero the Acro-Bat","performer"
1994,"Gumby","performer"
1994,"Barney","performer"
1994,"Baby Bop & BJ","performer"
1995,"The Cat in the Hat","performer"
1995,"Shania Twain","performer"
1995,"LL Cool J","performer"
1995,"Macy's Parade Dance Team","performer"
1995,"Boys Choir of Harlem","performer"
1995,"Hello Kitty","performer"
1995,"Pomp","performer"
1995,"Duck and Circumstance","performer"
1995,"Barney","performer"
1995,"Baby Bop & BJ","performer"
1995,"The Cast of Sesame Street","performer"
1995,"Oksana Baiul","performer"
1995,"All-4-One","performer"
1995,"Joseph Barbara","performer"
1995,"Timothy Gibbs","performer"
1995,"Thyme Lewis","performer"
1995,"Peter Reckell","performer"
1995,"Diego Serrano","performer"
1995,"Mark Valley","performer"
1995,"Joey Lawrence","performer"
1995,"Frank Diocpoulos","performer"
1995,"Ron Raines","performer"
1995,"Robert S. Woods","performer"
1995,"Jon Secada","performer"
1995,"Kelsey Grammer","performer"
1995,"Stars of Kidsongs","performer"
1995,"Puzzle Place Puppet Kids","performer"
1995,"Brandy","performer"
1995,"Ann B. Davis","performer"
1995,"Shawntel Smith","performer"
1995,"Rosemary Clooney","performer"
1995,"Bob Dorian","performer"
1995,"Nick Clooney","performer"
1995,"Shari Lewis","performer"
1995,"Lamb Chop","performer"
1995,"Charlie Horse","performer"
1995,"Hush Puppy","performer"
1995,"Fred the Baker","performer"
1995,"SeaBabies","performer"
1995,"Terrence Mann","performer"
1995,"Ben Vereen","performer"
1995,"Santa Claus","performer"
1995,"Captain America","performer"
1995,"Wolverine","performer"
1995,"Hootie the Owl","performer"
1995,"Muffy VanderBear","performer"
1996,"Bo Diddley","performer"
1996,"Deidre Hall","performer"
1996,"Joey Lawrence","performer"
1996,"Matthew Lawrence","performer"
1996,"Andrew Lawrence","performer"
1996,"The Cast of Sesame Street","performer"
1996,"Oksana Baiul","performer"
1996,"Elayne Boosler","performer"
1996,"Popeye","performer"
1996,"Olive Oyl","performer"
1996,"Lea Thompson","performer"
1996,"The Cast of Cats","performer"
1996,"Cruella De Vil","performer"
1996,"Dominique Dawes","performer"
1996,"Tucson Arizona Boys Chorus and The Red River/Rocky Top Cloggers","performer"
1996,"Barney","performer"
1996,"Baby Bop & BJ","performer"
1996,"The Coconauts Cast","performer"
1996,"Shirley Jones","performer"
1996,"Bob Dorian","performer"
1996,"Nick Clooney","performer"
1996,"Vanessa Williams","performer"
1996,"Fred the Baker","performer"
1996,"Shari Lewis","performer"
1996,"Lamb Chop","performer"
1996,"Santa Claus","performer"
1996,"Gumby","performer"
1996,"Wolverine","performer"
1997,"Shari Lewis","performer"
1997,"Charlie Horse","performer"
1997,"Hal Linden","performer"
1997,"The Cast of Sesame Street","performer"
1997,"Rebecca Luker","performer"
1997,"Mary-Kate","performer"
1997,"Ashley Olsen","performer"
1997,"Deborah Gibson","performer"
1997,"Kristian Alfonso","performer"
1997,"Joe Mascolo","performer"
1997,"Linda Dano","performer"
1997,"Joseph Barbara","performer"
1997,"Clive Robertson","performer"
1997,"Susan Ward","performer"
1997,"Cathy Rigby","performer"
1997,"Anastasia Characters","performer"
1997,"Barney","performer"
1997,"Baby Bop & BJ","performer"
1997,"Tim McGraw","performer"
1997,"Backstreet Boys","performer"
1997,"Vicki Lewis","performer"
1997,"Wynonna Judd","performer"
1997,"John Tesh","performer"
1997,"Kym Hampton","performer"
1997,"Teresa Weatherspoon","performer"
1997,"Randy Travis","performer"
1997,"Beth Nielsen Chapman","performer"
1997,"Liz Callaway","performer"
1997,"Santa Claus","performer"
1998,"Jean McFaddin","performer"
1998,"Martina McBride","performer"
1998,"The Cast of Sesame Street","performer"
1998,"Eric McCormick","performer"
1998,"Debra Messing","performer"
1998,"Christiane Noll","performer"
1998,"Barney","performer"
1998,"John McDonough","performer"
1998,"98°","performer"
1998,"Rockapella","performer"
1998,"Judy Collins","performer"
1998,"Cathy Rigby","performer"
1998,"*NSYNC","performer"
1998,"Jo Dee Messina","performer"
1998,"Flik & Atta and The Cast of A Bug's Life","performer"
1998,"Kenny Rogers","performer"
1998,"Joe Torre","performer"
1998,"Chicago","performer"
1998,"The Cast of The New Addams Family","performer"
1998,"The Pointer Sisters","performer"
1998,"Kevin Sharp","performer"
1998,"Santa Claus","performer"
1999,"98 Degrees","performer"
1999,"Christina Aguilera","performer"
1999,"Lou Bega","performer"
1999,"Kool & the Gang","performer"
1999,"SHeDAISY","performer"
1999,"Big Bad Voodoo Daddy","performer"
1999,"Rockapella","performer"
1999,"Charlotte Church","performer"
1999,"The Bacon Brothers","performer"
1999,"Susan Lucci","performer"
1999,"The Cast of Sesame Street","performer"
1999,"Barney","performer"
1999,"Baby Bop & BJ","performer"
1999,"Steve Burns from Blue's Clues","performer"
1999,"Miss America 2000 Heather French Henry","performer"
1999,"Terri Irwin","performer"
1999,"Jeremy Kushnier","performer"
1999,"Lillias White","performer"
1999,"Verne Troyer","performer"
1999,"the cast of Ragtime","performer"
1999,"the cast of Third Watch","performer"
1999,"Joe Torre","performer"
1999,"Rudy Giuliani","performer"
1999,"Wild Orchid","performer"
1999,"and Florence Henderson","performer"
2000,"Baha Men","performer"
2000,"The Corrs","performer"
2000,"Jo Dee Messina","performer"
2000,"BBMak","performer"
2000,"Kenny Chesney","performer"
2000,"Jennifer Day","performer"
2000,"Sara Evans","performer"
2000,"Jo Dee Messina","performer"
2000,"Aaron Carter","performer"
2000,"LFO","performer"
2000,"Innocence","performer"
2000,"Rascal Flatts","performer"
2000,"Mikaila","performer"
2000,"Tito Puente Jr.","performer"
2000,"Emeril Lagasse","performer"
2000,"Ann Hampton Callaway","performer"
2000,"Miss America 2001 Angela Perez Baraquio","performer"
2000,"Jeff Corwin","performer"
2000,"Steve Burns from Blue's Clues","performer"
2000,"Ronald McDonald","performer"
2000,"The Cast of Sesame Street","performer"
2000,"the cast of Passions","performer"
2000,"Barney","performer"
2000,"Baby Bop & BJ","performer"
2000,"Joe Torre and Andrea McArdle","performer"
2001,"Tony Bennett","performer"
2001,"Betty Buckley","performer"
2001,"Boyz II Men","performer"
2001,"Jeff Corwin","performer"
2001,"Tim Curry and the cast of A Christmas Carol","performer"
2001,"Usher","performer"
2001,"Billy Gilman","performer"
2001,"O-Town","performer"
2001,"LMNT","performer"
2001,"Kenny G","performer"
2001,"Billy Ray Cyrus","performer"
2001,"Jon Secada","performer"
2001,"Florence Henderson","performer"
2001,"Valerie Harper","performer"
2001,"Charles Nelson Reilly","performer"
2001,"Charlotte Church","performer"
2001,"Lilian Garcia","performer"
2001,"Miss Universe 2001 Denise Quiñones","performer"
2001,"The Cast of Sesame Street","performer"
2001,"Barney","performer"
2001,"BJ and Baby Bop","performer"
2001,"the cast of Scrubs","performer"
2001,"Ronald McDonald","performer"
2001,"The Wiggles","performer"
2001,"The cast of Blue's Clues Live","performer"
2001,"Joey McIntyre","performer"
2001,"Willard Scott","performer"
2001,"The Big Apple Circus","performer"
2001,"Rudy Giuliani and the Heroes of New York City and Daniel Rodriguez","performer"
2002,"Ashanti","performer"
2002,"LeeAnn Womack","performer"
2002,"Josh Groban","performer"
2002,"Baha Men","performer"
2002,"Matt Gallant & Jeff Corwin","performer"
2002,"Michael Feinstein","performer"
2002,"Mario","performer"
2002,"No Secrets","performer"
2002,"Natural","performer"
2002,"Play","performer"
2002,"Jill Hennessy","performer"
2002,"F. Murray Abraham","performer"
2002,"Kermit the Frog and Miss Piggy","performer"
2002,"Jamie-Lynn Sigler","performer"
2002,"Vince McMahon","performer"
2002,"Good Morning","performer"
2002,"Miami cast","performer"
2002,"Justin Guarini","performer"
2002,"Joe Lawrence","performer"
2002,"Matt Gallant","performer"
2002,"Jeff Corwin","performer"
2002,"Patty Duke","performer"
2002,"Judy Kaye","performer"
2002,"Eric Martsolf","performer"
2002,"Joe from Blue's Clues","performer"
2002,"Barney","performer"
2002,"BJ and Baby Bop","performer"
2002,"and The Wiggles & their Friends","performer"
2003,"Hilary Duff","performer"
2003,"Chicago","performer"
2003,"Aaron Carter","performer"
2003,"Mýa","performer"
2003,"Kool and the Gang","performer"
2003,"Matt Gallant & Jeff Corwin","performer"
2003,"Stacie Orrico","performer"
2003,"Ruben Studdard","performer"
2003,"Clay Aiken","performer"
2003,"Judy Collins","performer"
2003,"Barney","performer"
2003,"BJ and Baby Bop","performer"
2003,"Simple Plan","performer"
2003,"Peter Nero","performer"
2003,"Ann Hampton Callaway","performer"
2003,"Peter Cincotti","performer"
2003,"Old Crow Medicine Show","performer"
2003,"A Christmas Carol cast","performer"
2003,"Loonette from The Big Comfy Couch","performer"
2003,"Harry Connick Jr.","performer"
2003,"The Wiggles","performer"
2003,"Bernie Williams","performer"
2003,"and Harvey Fierstein","performer"
2004,"Kelsey Grammer","performer"
2004,"Brooke Shields","performer"
2004,"Jimmy Smits","performer"
2004,"Andrea Bocelli","performer"
2004,"Fantasia Barrino","performer"
2004,"Tony Shalhoub","performer"
2004,"Joe Namath","performer"
2004,"Tony Dorsett","performer"
2004,"Passions cast","performer"
2004,"Chitty Chitty Bang Bang cast","performer"
2004,"The Cast of Sesame Street","performer"
2004,"Deborah Voigt","performer"
2004,"Steve Irwin","performer"
2004,"Bering Strait","performer"
2004,"Nikki Cox","performer"
2004,"Miss USA Shandi Finnessey","performer"
2004,"Jennifer Finnigan","performer"
2004,"Josh Cooke","performer"
2004,"Barenaked Ladies","performer"
2004,"Gavin DeGraw","performer"
2004,"Peter Cetera","performer"
2004,"José Feliciano","performer"
2004,"Ryan Cabrera","performer"
2004,"Nina Sky","performer"
2004,"Barney","performer"
2004,"BJ and Baby Bop","performer"
2004,"Hi-5","performer"
2004,"Raven-Symoné","performer"
2004,"Hayley Westenra and Jeff Timmons","performer"
2005,"Harry Connick Jr.","performer"
2005,"Adrien Brody","performer"
2005,"Amy Grant","performer"
2005,"Christina Applegate","performer"
2005,"LeAnn Rimes","performer"
2005,"Disney Characters","performer"
2005,"John Krasinski","performer"
2005,"Rainn Wilson","performer"
2005,"Aaron Neville","performer"
2005,"Brian McKnight","performer"
2005,"Peter Reckell","performer"
2005,"Carrie Underwood","performer"
2005,"Kristin Chenoweth","performer"
2005,"The Cast of Sesame Street","performer"
2005,"Tommy Tune","performer"
2005,"The Beach Boys","performer"
2005,"Jai Rodriguez","performer"
2005,"Miss USA Chelsea Cooley","performer"
2005,"Jeff Corwin","performer"
2005,"Keegan-Michael Key","performer"
2005,"Aly & AJ","performer"
2005,"B5","performer"
2005,"Natasha Bedingfield","performer"
2005,"The Cheetah Girls","performer"
2005,"Rita Coolidge","performer"
2005,"The Click Five","performer"
2005,"Tiffany Evans","performer"
2005,"Michael Feinstein","performer"
2005,"Brie Larson","performer"
2005,"Puffy AmiYumi","performer"
2005,"and Rihanna","performer"
2006,"Julie Andrews","performer"
2006,"Laurie Berkner","performer"
2006,"Chris Brown","performer"
2006,"RBD","performer"
2006,"Cheyenne","performer"
2006,"Ciara","performer"
2006,"Miley Cyrus","performer"
2006,"Diana DeGarmo","performer"
2006,"Gloria Estefan","performer"
2006,"Renee Fleming","performer"
2006,"Big Apple Circus","performer"
2006,"The Cast of Sesame Street","performer"
2006,"Natalie Grant","performer"
2006,"Hall & Oates","performer"
2006,"High School Musical cast","performer"
2006,"Jonas Brothers","performer"
2006,"Josh Kelley","performer"
2006,"Darlene Love","performer"
2006,"Barry Manilow","performer"
2006,"Characters from Foster's Home for Imaginary Friends","performer"
2006,"Sarah McLachlan","performer"
2006,"Tara Conner","performer"
2006,"Sandi Patty","performer"
2006,"John Tartaglia","performer"
2006,"Ali Larter","performer"
2006,"Denise Van Outen","performer"
2006,"and Connie Britton","performer"
2007,"Ashley Tisdale","performer"
2007,"Bindi Irwin","performer"
2007,"Terri Irwin","performer"
2007,"Corbin Bleu","performer"
2007,"Dolly Parton","performer"
2007,"Good Charlotte","performer"
2007,"Barbie","performer"
2007,"Jonas Brothers","performer"
2007,"Lifehouse","performer"
2007,"Menudo","performer"
2007,"Ne-Yo","performer"
2007,"The Cast of Sesame Street","performer"
2007,"Nikki Blonsky","performer"
2007,"Characters from Foster's Home for Imaginary Friends","performer"
2007,"Kay Hanley","performer"
2007,"Sarah Brightman","performer"
2007,"Jonathan Groff","performer"
2007,"Lea Michele","performer"
2007,"Wynonna Judd","performer"
2007,"and Jordin Sparks","performer"
2008,"Kristin Chenoweth","performer"
2008,"Darius Rucker","performer"
2008,"James Taylor","performer"
2008,"Charice Pempengco","performer"
2008,"Miranda Cosgrove","performer"
2008,"Miley Cyrus","performer"
2008,"David Archuleta","performer"
2008,"Kermit the Frog","performer"
2008,"Shontelle","performer"
2008,"Idina Menzel","performer"
2008,"Trace Adkins","performer"
2008,"Lang Lang with the ""Sesame Street"" cast","performer"
2008,"Characters from Foster's Home for Imaginary Friends","performer"
2008,"Rick Astley","performer"
2008,"Ashanti","performer"
2008,"Andy Williams","performer"
2008,"Harry Connick Jr.","performer"
2008,"Faith Hill","performer"
2008,"Push Play","performer"
2008,"and The Clique Girlz","performer"
2009,"Tiffany Thornton","performer"
2009,"Kermit the Frog","performer"
2009,"Keke Palmer","performer"
2009,"Andrea Bocelli","performer"
2009,"Bello Nock","performer"
2009,"Big Apple Circus","performer"
2009,"Boys Like Girls","performer"
2009,"Alan Cumming","performer"
2009,"Billy Currington","performer"
2009,"Yo Gabba Gabba! cast","performer"
2009,"Jimmy Fallon and The Roots","performer"
2009,"Gloria Gaynor","performer"
2009,"Emily Hughes","performer"
2009,"Jane Krakowski","performer"
2009,"Katharine McPhee","performer"
2009,"The Cast of Sesame Street","performer"
2009,"Mitchel Musso","performer"
2009,"Pizzarelli Quartet","performer"
2009,"Jay Sean","performer"
2009,"Ziggy Marley","performer"
2009,"and Carly Simon","performer"
2010,"Kylie Minogue","performer"
2010,"Carrie Underwood","performer"
2010,"Kanye West","performer"
2010,"Jessica Simpson","performer"
2010,"Gladys Knight","performer"
2010,"india.arie","performer"
2010,"Big Time Rush","performer"
2010,"Big Apple Circus","performer"
2010,"Arlo Guthrie","performer"
2010,"Betty Buckley","performer"
2010,"Ann Hampton Callaway","performer"
2010,"Miranda Cosgrove","performer"
2010,"Isabella Collins","performer"
2010,"Gloriana","performer"
2010,"Michael Grimm","performer"
2010,"Juanes","performer"
2010,"Keri Hilson","performer"
2010,"Eric Hutchinson","performer"
2010,"Victoria Justice","performer"
2010,"Mannheim Steamroller","performer"
2010,"Jimmy Fallon and The Roots","performer"
2010,"Sesame Street cast and The Muppets","performer"
2010,"Kyle Swann","performer"
2010,"Rima Fakih","performer"
2010,"the cast of Power Rangers Samurai","performer"
2010,"Crystal Shawanda","performer"
2010,"Joan Rivers","performer"
2010,"and Melissa Rivers","performer"
2011,"Rodney Atkins","performer"
2011,"Big Apple Circus","performer"
2011,"Mary J. Blige","performer"
2011,"Cobra Starship","performer"
2011,"Neil Diamond","performer"
2011,"Michael Feinstein","performer"
2011,"The Fresh Beat Band","performer"
2011,"Cee Lo Green","performer"
2011,"Avril Lavigne","performer"
2011,"Shelby Lynne","performer"
2011,"Mannheim Steamroller","performer"
2011,"China Anne McClain","performer"
2011,"Scotty McCreery","performer"
2011,"Ingrid Michaelson","performer"
2011,"The Cast and Muppets of Sesame Street","performer"
2011,"Savannah Outen","performer"
2011,"the cast of Power Rangers Samurai","performer"
2011,"Daniel Radcliffe","performer"
2011,"Miss America 2011 Teresa Scanlan","performer"
2011,"Willard Scott","performer"
2011,"Sarah Smithson","performer"
2011,"Straight No Chaser","performer"
2011,"United States Naval Academy Glee Club","performer"
2011,"Johnny Weir","performer"
2011,"Zendaya and the Nickelodeon Queens","performer"
2012,"Kareem Abdul-Jabbar","performer"
2012,"Trace Adkins","performer"
2012,"Flo Rida","performer"
2012,"the Big Apple Circus","performer"
2012,"Colbie Caillat","performer"
2012,"Teresa Castillo","performer"
2012,"Rachel Crow","performer"
2012,"Thirza Defoe","performer"
2012,"Jimmy Fallon and The Roots","performer"
2012,"Whoopi Goldberg","performer"
2012,"Chris Isaak","performer"
2012,"Carly Rae Jepsen","performer"
2012,"Karmin","performer"
2012,"Christian Laettner","performer"
2012,"Sandra Lee","performer"
2012,"Mannheim Steamroller","performer"
2012,"Jennette McCurdy","performer"
2012,"Don McLean","performer"
2012,"Megan & Liz","performer"
2012,"Olivia Culpo","performer"
2012,"the cast of Sesame Street","performer"
2012,"Neon Trees","performer"
2012,"the cast of Power Rangers Megaforce","performer"
2012,"Cody Simpson","performer"
2012,"Gabby Douglas","performer"
2012,"McKayla Maroney","performer"
2012,"Aly Raisman","performer"
2012,"Kyla Ross and Jordyn Wieber","performer"
2012,"PS22 Chorus","performer"
2012,"The Wanted","performer"
2012,"Geoffrey Zakarian","performer"
2012,"and The Kidz Bop Kids.","performer"
2013,"The cast of NBC's The Sound of Music Live!","performer"
2013,"Debby Ryan","performer"
2013,"Big Apple Circus","performer"
2013,"Cherokee National Youth Choir","performer"
2013,"the cast of The Sunny Side Up Show","performer"
2013,"Cirque du Soleil","performer"
2013,"Gavin DeGraw","performer"
2013,"Brett Eldredge","performer"
2013,"Fall Out Boy","performer"
2013,"The Summer Set","performer"
2013,"Jimmy Fallon and The Roots","performer"
2013,"the cast of Sesame Street","performer"
2013,"Fifth Harmony","performer"
2013,"Florida Georgia Line","performer"
2013,"Goo Goo Dolls","performer"
2013,"Ariana Grande","performer"
2013,"Jack Hanna","performer"
2013,"Megan Hilty","performer"
2013,"Joan Jett and the Blackhearts","performer"
2013,"Sharon Jones & The Dap-Kings","performer"
2013,"Sandra Lee","performer"
2013,"Cher Lloyd","performer"
2013,"Austin Mahone","performer"
2013,"Richard Simmons","performer"
2013,"Mannheim Steamroller","performer"
2013,"Miss America 2014 Nina Davuluri","performer"
2013,"Bart Oates","performer"
2013,"Amani Toomer and Hines Ward; Cam Neely and Mike Richter","performer"
2013,"Kristin Chenoweth","performer"
2013,"Kellie Pickler","performer"
2013,"and the cast of Duck Dynasty","performer"
2014,"The cast of NBC's Peter Pan Live!","performer"
2014,"the cast of Sesame Street","performer"
2014,"Renee Fleming","performer"
2014,"William Blake","performer"
2014,"Idina Menzel","performer"
2014,"Before You Exit","performer"
2014,"Becky G","performer"
2014,"MKTO","performer"
2014,"Needtobreathe","performer"
2014,"Sabrina Carpenter","performer"
2014,"Lucy Hale","performer"
2014,"KISS","performer"
2014,"Cole Swindell","performer"
2014,"Nick Jonas","performer"
2014,"The Madden Brothers","performer"
2014,"Quvenzhané Wallis","performer"
2014,"The Vamps","performer"
2014,"Meghan Trainor","performer"
2014,"Nia Sanchez","performer"
2014,"Romeo Santos and Pentatonix.","performer"
2015,"Gloria Estefan","performer"
2015,"The cast of NBC's The Wiz Live!","performer"
2015,"Jordin Sparks","performer"
2015,"the cast of Sesame Street with Questlove","performer"
2015,"Trey Songz","performer"
2015,"Jake Owen","performer"
2015,"Andy Grammer","performer"
2015,"Panic! at the Disco","performer"
2015,"Plain White T's","performer"
2015,"Shawn Mendes","performer"
2015,"Cirque du Soleil's Dreamseeker","performer"
2015,"Mipso","performer"
2015,"Daughtry","performer"
2015,"Sprout cast","performer"
2015,"Andra Day","performer"
2015,"Big Apple Circus","performer"
2015,"Sofia Carson","performer"
2015,"Rachel Platten","performer"
2015,"Prince Royce","performer"
2015,"the cast of School of Rock","performer"
2015,"MercyMe","performer"
2015,"Jennifer Nettles","performer"
2015,"Train","performer"
2015,"Pat Benatar & Neil Giraldo","performer"
2015,"and Mariah Carey","performer"
2016,"The Muppets","performer"
2016,"The cast of NBC's Hairspray Live!","performer"
2016,"Brett Eldredge","performer"
2016,"Chloe and Halle","performer"
2016,"Daya","performer"
2016,"De La Soul","performer"
2016,"Easton Corbin","performer"
2016,"Fitz and the Tantrums","performer"
2016,"Jacob Whitesides","performer"
2016,"Kelsea Ballerini","performer"
2016,"2016 Olympic Medalist Laurie Hernandez","performer"
2016,"Mikey Brannigan","performer"
2016,"Gianfranco Iannotta","performer"
2016,"Hannah McFadden","performer"
2016,"Tatyana McFadden","performer"
2016,"& Claressa Shields","performer"
2016,"Maddie and Tae","performer"
2016,"Aloe Blacc","performer"
2016,"Ben Rector","performer"
2016,"Regina Spektor","performer"
2016,"Lunchmoney Lewis","performer"
2016,"The cast of Sesame Street with Christopher Jackson","performer"
2016,"Grace VanderWaal","performer"
2016,"Tony Bennett","performer"
2016,"Timeflies","performer"
2016,"Michelle Carter","performer"
2016,"Sarah McLachlan","performer"
2016,"Diamante Electrico","performer"
2016,"and Johnnyswim","performer"
2017,"Gwen Stefani","performer"
2017,"The cast of Sesame Street with Leslie Odom Jr.","performer"
2017,"Olivia Holt","performer"
2017,"Andra Day","performer"
2017,"Common","performer"
2017,"Dustin Lynch","performer"
2017,"Naomi Galali","performer"
2017,"Bebe Rexha","performer"
2017,"Jimmy Fallon and The Roots","performer"
2017,"Andy Grammer","performer"
2017,"Wyclef Jean","performer"
2017,"Patti LaBelle","performer"
2017,"Sara Evans","performer"
2017,"98 Degrees","performer"
2017,"Flo Rida","performer"
2017,"Goo Goo Dolls","performer"
2017,"JoJo Siwa","performer"
2017,"Kat Graham","performer"
2017,"Miss America Cara Mund","performer"
2017,"Lauren Alaina","performer"
2017,"Smokey Robinson","performer"
2017,"Nicky Jam","performer"
2017,"Angelica Hale","performer"
2017,"Cam","performer"
2017,"Tom Colicchio and Padma Lakshmi","performer"
2018,"Bad Bunny","performer"
2018,"Barenaked Ladies","performer"
2018,"Bazzi","performer"
2018,"Ally Brooke","performer"
2018,"Kane Brown","performer"
2018,"Brynn Cartelli","performer"
2018,"Kelly Clarkson","performer"
2018,"Jack & Jack","performer"
2018,"John Legend","performer"
2018,"Leona Lewis","performer"
2018,"Ella Mai","performer"
2018,"Tegan Marie","performer"
2018,"Martina McBride","performer"
2018,"Rita Ora","performer"
2018,"Johnny Orlando","performer"
2018,"Luca Padovan","performer"
2018,"Carly Pearce","performer"
2018,"Pentatonix","performer"
2018,"Anika Noni Rose and the Cast and Muppets of Sesame Street","performer"
2018,"Diana Ross with her children and extended family","performer"
2018,"Sugarland","performer"
2018,"Ashley Tisdale","performer"
2018,"Mackenzie Ziegler","performer"
2019,"Celine Dion","performer"
2019,"Billy Porter","performer"
2019,"Jimmy Fallon and The Roots","performer"
2019,"Idina Menzel","performer"
2019,"Lea Michele","performer"
2019,"Ashanti","performer"
2019,"Black Eyed Peas","performer"
2019,"NHL Legends Dominic Moore and Eddie Olczyk","performer"
2019,"Ciara","performer"
2019,"Josh Dela Cruz","performer"
2019,"Debbie Gibson","performer"
2019,"Chris Janson","performer"
2019,"Chris Young","performer"
2019,"Chicago","performer"
2019,"Miss America 2019 Nia Franklin","performer"
2019,"former NASA Astronauts Kay Hire and Janet Kavandi","performer"
2019,"the cast of Sesame Street","performer"
2019,"NCT 127","performer"
2019,"Ozuna","performer"
2019,"Kelly Rowland","performer"
2019,"That Girl Lay Lay","performer"
2019,"Tenille Townes","performer"
2019,"and TLC","performer"
2020,"Dolly Parton","performer"
2020,"Jimmy Fallon and The Roots","performer"
2020,"Sofia Carson","performer"
2020,"Bebe Rexha","performer"
2020,"CNCO","performer"
2020,"Keke Palmer","performer"
2020,"Brett Young","performer"
2020,"Tori Kelly","performer"
2020,"Patti LaBelle","performer"
2020,"Lauren Alaina","performer"
2020,"Pentatonix","performer"
2020,"Karol G","performer"
2020,"Ally Brooke","performer"
2020,"Camille Schrier","performer"
2020,"AJR","performer"
2020,"Darlene Love","performer"
2020,"Goo Goo Dolls","performer"
2021,"The Cast and Muppets of Sesame Street","performer"
2021,"Steve","performer"
2021,"Joe","performer"
2021,"& Josh","performer"
2021,"Jon Batiste","performer"
2021,"Tai Verdes","performer"
2021,"Mickey Guyton","performer"
2021,"Foreigner","performer"
2021,"Jimmie Allen","performer"
2021,"Tauren Wells","performer"
2021,"Jordan Fisher","performer"
2021,"Girls5eva","performer"
2021,"Darren Criss","performer"
2021,"Andy Grammer","performer"
2021,"Kim Petras","performer"
2021,"Chris Lane","performer"
2021,"Rob Thomas","performer"
2021,"Nelly","performer"
2021,"Kelly Rowland","performer"
2021,"Aespa","performer"
2021,"Zoe Wees","performer"
2021,"Carrie Underwood","performer"
2022,"Mariah Carey","performer"
2022,"Betty Who","performer"
2022,"Fitz and the Tantrums","performer"
2022,"Jordin Sparks","performer"
2022,"The Cast and Muppets of Sesame Street","performer"
2022,"Paula Abdul","performer"
2022,"Ziggy Marley","performer"
2022,"Big Time Rush","performer"
2022,"Sean Paul","performer"
2022,"Gloria","performer"
2022,"Sasha & Emily Estefan","performer"
2022,"Joss Stone","performer"
2022,"Trombone Shorty & Orleans Avenue","performer"
2022,"Dionne Warwick","performer"
2022,"Kirk Franklin","performer"
2022,"Cam","performer"
2022,"Miss America Emma Broyles","performer"
2022,"the cast of Pitch Perfect: Bumper in Berlin","performer"
2022,"Blanco Brown","performer"
2022,"Fusion Winter Guard","performer"
2022," Charlie Brown","performer"
2022,"Ronald McDonald","performer"
2022,"Grimace","performer"
2022,"Hamburglar","performer"
2022,"Mickey Mouse","performer"
2022,"Minnie Mouse","performer"
2022,"and several of their fellow Disney characters","performer"
2022,"including some of the Disney Princesses","performer"
2023,"Cher","performer"
2023,"Disney's 100th Anniversary","performer"
2023,"Brandy Norwood","performer"
2023,"Chicago","performer"
2023,"ENHYPEN","performer"
2023,"Pentatonix","performer"
2023," Mickey Mouse","performer"
2023,"The cast of Sesame Street with Ashley Park","performer"
2023,"David Foster and Katharine McPhee","performer"
2023,"Jon Batiste","performer"
2023,"Bell Biv DeVoe","performer"
2023,"Manuel Turizo","performer"
2023,"Jessie James Decker","performer"
2023,"Alex Smith","performer"
2023,"En Vogue","performer"
2023,"JAX","performer"
2023,"Paul Russell","performer"
2023,"Amanda Shaw","performer"
2023,"Miss America Grace Stanke","performer"
2023,"Drew Holcomb and the Neighbors","performer"
